benchmark;flow;size;size_mig;depth;depth_mig;runtime
adder;main;1020;384;255;129;1.9609256
adder;main2;1020;384;255;129;1.8788315
adder;main3;1020;384;255;129;1.602657
bar;main3;3336;2588;12;13;31.122349
bar;main;3336;2496;12;14;54.246147
bar;main2;3336;2588;12;13;44.389755
